Object_ID,X,Y,Size,Luminosity,Classification
1,1013.5016437681134,1516.5011110143191,6152936.0,32186.04557029903,Galaxy
